road_code,pk_start,pk_end,length_m,length_km,owner,imd_total,imd_light,imd_heavy,pct_heavy,demand_index,centroid_lat,centroid_lon,imd_total_outlier_flag,spatial_dup_flag
A-31,165.54,166.3,753,0.753,Estado,14075,11964.0,2111.0,15.0,10598.0,38.77167,-0.960718,False,False
A-31,166.3,167.3,991,0.991,Estado,14075,11964.0,2111.0,15.0,13948.0,38.764145,-0.9579,False,False
A-31,167.3,170.3,2998,2.998,Estado,14075,11964.0,2111.0,15.0,42197.0,38.747201,-0.950229,False,False
A-31,170.3,170.83,527,0.527,Estado,26611,22619.0,3992.0,15.0,14024.0,38.733203,-0.941262,False,False
A-31,170.83,172.8,1967,1.967,Estado,26611,22619.0,3992.0,15.0,52344.0,38.723274,-0.935022,False,False
A-31,172.8,172.816,16,0.016,Estado,26611,22619.0,3992.0,15.0,426.0,38.715582,-0.929557,False,False
A-31,172.816,172.98,162,0.162,Estado,27537,23406.0,4131.0,15.0,4461.0,38.714861,-0.92911,False,False
A-31,172.98,181.5,8499,8.499,Estado,27537,23406.0,4131.0,15.0,234037.0,38.683249,-0.901478,False,False
A-35,11.0,11.39,328,0.328,Estado,18383,15626.0,2757.0,15.0,6030.0,38.826709,-0.89317,False,False
A-35,11.39,22.766,11266,11.266,Estado,18383,15626.0,2757.0,15.0,207103.0,38.849141,-0.833365,False,False
A-35,22.766,22.8,34,0.034,Estado,26613,22621.0,3992.0,15.0,905.0,38.870467,-0.774824,False,False
A-35,22.8,25.46,2675,2.675,Estado,26613,22621.0,3992.0,15.0,71190.0,38.87802,-0.763225,False,False
A-35,25.46,32.0,6540,6.54,Estado,26613,22621.0,3992.0,15.0,174049.0,38.896789,-0.718905,False,False
N-301,65.0,68.5,3594,3.594,Estado,1858,1579.0,279.0,15.0,6678.0,39.94439,-3.458259,False,False
N-301,355.57,356.6,807,0.807,Estado,957,813.0,144.0,15.0,772.0,38.233013,-1.378071,False,False
N-301,356.6,357.3,548,0.548,Estado,957,813.0,144.0,15.0,524.0,38.229828,-1.371868,False,False
N-301,357.3,357.6,235,0.235,Estado,957,813.0,144.0,15.0,225.0,38.226613,-1.370043,False,False
N-301,357.6,357.61,8,0.008,Estado,957,813.0,144.0,15.0,8.0,38.225561,-1.369664,False,False
N-301,357.61,359.3,1323,1.323,Estado,957,813.0,144.0,15.0,1266.0,38.221004,-1.365159,False,False
N-322,244.8,245.38,547,0.547,Estado,1240,1054.0,186.0,15.0,678.0,38.501289,-2.706834,False,False
N-322,245.38,246.4,1004,1.004,Estado,1252,1064.0,188.0,15.0,1257.0,38.506437,-2.701009,False,False
N-322,246.4,249.4,2952,2.952,Estado,1252,1064.0,188.0,15.0,3696.0,38.521759,-2.689864,False,False
N-330,217.7,227.9,9460,9.46,Estado,1165,990.0,175.0,15.0,11021.0,39.817666,-1.265963,False,False
N-330,227.9,228.9,928,0.928,Estado,1165,990.0,175.0,15.0,1081.0,39.850691,-1.285156,False,False
N-330,228.9,239.0,9386,9.386,Estado,1165,990.0,175.0,15.0,10935.0,39.877446,-1.32898,False,False
N-330,458.8,458.86,60,0.06,Estado,496,422.0,74.0,15.0,30.0,41.406093,-1.165226,False,False
N-330,458.86,467.9,8975,8.975,Estado,496,422.0,74.0,15.0,4452.0,41.438916,-1.1342,False,False
N-330,469.24,471.1,1826,1.826,Estado,496,422.0,74.0,15.0,906.0,41.478808,-1.079627,False,False
N-344,44.1,44.106,10,0.01,Estado,207,176.0,31.0,15.0,2.0,38.297858,-1.31251,False,False
N-344,46.236,49.4,3146,3.146,Estado,207,176.0,31.0,15.0,651.0,38.326978,-1.29351,False,False
N-430,154.3,154.33,32,0.032,Estado,2035,1730.0,305.0,15.0,65.0,39.111408,-5.327898,False,False
N-430,154.33,166.6,12243,12.243,Estado,2035,1730.0,305.0,15.0,24915.0,39.132327,-5.263906,False,False
N-430,166.6,167.0,361,0.361,Estado,2035,1730.0,305.0,15.0,735.0,39.139416,-5.19706,False,False
N-430,167.0,167.17,155,0.155,Estado,1488,1265.0,223.0,15.0,231.0,39.139256,-5.194084,False,False
N-430,167.17,182.1,13441,13.441,Estado,1488,1265.0,223.0,15.0,20000.0,39.108606,-5.127856,False,False
N-430,182.1,182.4,268,0.268,Estado,1488,1265.0,223.0,15.0,399.0,39.085557,-5.059725,False,False
N-430,182.4,182.64,214,0.214,Estado,2214,1882.0,332.0,15.0,474.0,39.087048,-5.057698,False,False
N-430,182.64,193.1,9442,9.442,Estado,2214,1882.0,332.0,15.0,20905.0,39.096489,-5.008136,False,False
N-430,245.0,245.07,68,0.068,Estado,3481,2959.0,522.0,15.0,237.0,39.017027,-4.494813,False,False
N-430,245.07,265.44,19369,19.369,Estado,3481,2959.0,522.0,15.0,67423.0,39.011967,-4.407962,False,False
N-430,265.44,279.0,13271,13.271,Estado,3481,2959.0,522.0,15.0,46196.0,38.998505,-4.25113,False,False
N-430,279.0,279.1,103,0.103,Estado,3481,2959.0,522.0,15.0,359.0,39.028358,-4.187744,False,False
N-430,279.1,279.17,72,0.072,Estado,3481,2959.0,522.0,15.0,251.0,39.029031,-4.187417,False,False
N-430,279.17,279.8,648,0.648,Estado,3481,2959.0,522.0,15.0,2256.0,39.03127,-4.184397,False,False
N-430A,427.5,428.281,1230,1.23,Estado,807,686.0,121.0,15.0,993.0,38.972878,-2.759854,False,False
A-33,70.958,75.0,3952,3.952,Estado,15531,13201.0,2330.0,15.0,61379.0,38.714634,-0.987232,False,False
A-33,75.0,75.4,391,0.391,Estado,15531,13201.0,2330.0,15.0,6073.0,38.717718,-0.96422,False,False
A-33,75.4,75.408,8,0.008,Estado,15531,13201.0,2330.0,15.0,124.0,38.718111,-0.961981,False,False
A-33,75.408,77.5,2045,2.045,Estado,15531,13201.0,2330.0,15.0,31761.0,38.720383,-0.950637,False,False
A-33,77.5,77.7,196,0.196,Estado,15531,13201.0,2330.0,15.0,3044.0,38.724088,-0.938677,False,False
A-33,77.7,77.736,35,0.035,Estado,15531,13201.0,2330.0,15.0,544.0,38.724719,-0.937618,False,False
A-33,77.736,78.9,1138,1.138,Estado,15531,13201.0,2330.0,15.0,17674.0,38.727964,-0.93243,False,False
A-33,78.9,81.47,2513,2.513,Estado,15531,13201.0,2330.0,15.0,39029.0,38.741735,-0.920794,False,False
A-33,81.47,84.28,2747,2.747,Estado,15531,13201.0,2330.0,15.0,42664.0,38.757689,-0.900819,False,False
A-33,84.28,85.3,997,0.997,Estado,19174,16298.0,2876.0,15.0,19116.0,38.77318,-0.893206,False,False
A-33,85.3,85.7,391,0.391,Estado,19174,16298.0,2876.0,15.0,7497.0,38.779412,-0.892592,False,False
A-33,85.7,86.0,293,0.293,Estado,20794,17675.0,3119.0,15.0,6093.0,38.782494,-0.892656,False,False
A-33,86.0,89.2,3129,3.129,Estado,20794,17675.0,3119.0,15.0,65064.0,38.797638,-0.889471,False,False
A-33,89.2,89.77,557,0.557,Estado,20794,17675.0,3119.0,15.0,11582.0,38.813586,-0.886831,False,False
A-33,89.77,90.1,323,0.323,Estado,20794,17675.0,3119.0,15.0,6716.0,38.817028,-0.889172,False,False
A-33,90.1,90.54,430,0.43,Estado,20794,17675.0,3119.0,15.0,8941.0,38.820259,-0.890476,False,False
A-7,512.0,513.53,1434,1.434,Estado,68306,58060.0,10246.0,15.0,97951.0,38.300066,-0.672799,True,False
A-7,513.53,513.571,36,0.036,Estado,68306,58060.0,10246.0,15.0,2459.0,38.296869,-0.678905,True,False
A-7,513.571,517.2,3643,3.643,Estado,68306,58060.0,10246.0,15.0,248839.0,38.292223,-0.698718,True,False
A-7,1168.3,1171.25,3137,3.137,Estado,26013,22111.0,3902.0,15.0,81603.0,41.139093,1.332649,False,False
N-332,120.6,122.5,1877,1.877,Estado,6357,5403.0,954.0,15.0,11932.0,38.446409,-0.383496,False,False
N-332,122.5,122.807,303,0.303,Estado,6357,5403.0,954.0,15.0,1926.0,38.450814,-0.373139,False,False
N-332,122.807,134.1,11159,11.159,Estado,6357,5403.0,954.0,15.0,70938.0,38.476513,-0.321083,False,False
N-332,134.1,137.4,3261,3.261,Estado,6357,5403.0,954.0,15.0,20730.0,38.506557,-0.253595,False,False
N-332,137.4,142.4,3746,3.746,Estado,14041,11935.0,2106.0,15.0,52598.0,38.522091,-0.220305,False,False
N-332,142.4,144.13,1296,1.296,Estado,14041,11935.0,2106.0,15.0,18197.0,38.530313,-0.193777,False,False
N-332,144.13,144.7,1922,1.922,Estado,42938,36497.0,6441.0,15.0,82527.0,38.535315,-0.176934,False,False
N-332,144.7,144.8,337,0.337,Estado,42938,36497.0,6441.0,15.0,14470.0,38.541083,-0.166267,False,False
N-332,144.8,147.1,2237,2.237,Estado,42938,36497.0,6441.0,15.0,96052.0,38.547115,-0.153647,False,False
N-332,190.2,190.6,386,0.386,Estado,16784,14266.0,2518.0,15.0,6479.0,38.78372,0.07778,False,False
N-332,194.22,194.26,39,0.039,Estado,16784,14266.0,2518.0,15.0,655.0,38.802945,0.043244,False,False
N-332,194.26,195.3,1003,1.003,Estado,16784,14266.0,2518.0,15.0,16834.0,38.805562,0.03848,False,False
N-332,218.42,218.58,211,0.211,Estado,22809,19388.0,3421.0,15.0,4813.0,38.940219,-0.153823,False,False
N-332,241.4,242.65,1260,1.26,Estado,10160,8636.0,1524.0,15.0,12802.0,39.114202,-0.275603,False,False
N-332,244.06,244.15,91,0.091,Estado,10160,8636.0,1524.0,15.0,925.0,39.128122,-0.289171,False,False
N-332,244.15,244.2,50,0.05,Estado,10160,8636.0,1524.0,15.0,508.0,39.128672,-0.288762,False,False
N-340,375.325,375.6,275,0.275,Estado,464,394.0,70.0,15.0,128.0,36.752941,-3.148996,False,False
N-340,375.6,377.5,1706,1.706,Estado,464,394.0,70.0,15.0,792.0,36.752368,-3.139671,False,False
N-340,377.5,377.69,190,0.19,Estado,464,394.0,70.0,15.0,88.0,36.75298,-3.130279,False,False
N-340,377.69,380.93,3246,3.246,Estado,553,470.0,83.0,15.0,1795.0,36.751687,-3.11202,False,False
N-340,380.93,381.04,110,0.11,Estado,553,470.0,83.0,15.0,61.0,36.750477,-3.094413,False,False
N-340,381.04,383.02,1984,1.984,Estado,553,470.0,83.0,15.0,1097.0,36.748094,-3.083782,False,False
N-340,383.02,383.74,721,0.721,Estado,553,470.0,83.0,15.0,399.0,36.746765,-3.06907,False,False
N-340,383.74,383.82,80,0.08,Estado,553,470.0,83.0,15.0,44.0,36.747188,-3.064726,False,False
N-340,799.0,799.6,1082,1.082,Estado,24699,20994.0,3705.0,15.0,26724.0,38.724118,-0.445819,False,False
N-340,974.9,975.05,215,0.215,Estado,16334,13884.0,2450.0,15.0,3512.0,39.992793,-0.089769,False,False
N-340,975.05,975.11,86,0.086,Estado,16334,13884.0,2450.0,15.0,1405.0,39.994132,-0.089574,False,False
N-340,975.11,976.2,1556,1.556,Estado,16334,13884.0,2450.0,15.0,25416.0,40.000059,-0.083898,False,False
N-340,976.2,976.3,143,0.143,Estado,16334,13884.0,2450.0,15.0,2336.0,40.002699,-0.075785,False,False
N-340,976.3,980.1,5396,5.396,Estado,21740,18479.0,3261.0,15.0,117309.0,40.014466,-0.049326,False,False
N-340,980.1,985.675,6402,6.402,Estado,21740,18479.0,3261.0,15.0,139179.0,40.031385,0.008976,False,False
N-340,985.675,987.11,1433,1.433,Estado,21740,18479.0,3261.0,15.0,31153.0,40.047324,0.049154,False,False
N-340,987.11,987.724,620,0.62,Estado,21740,18479.0,3261.0,15.0,13479.0,40.053738,0.057796,False,False
N-340,987.724,987.768,44,0.044,Estado,21740,18479.0,3261.0,15.0,957.0,40.055453,0.060825,False,False
N-340,987.768,992.55,4795,4.795,Estado,9858,8379.0,1479.0,15.0,47269.0,40.065498,0.084941,False,False
N-340,992.55,992.862,325,0.325,Estado,9858,8379.0,1479.0,15.0,3204.0,40.074243,0.110549,False,False
N-340,992.862,992.881,20,0.02,Estado,9858,8379.0,1479.0,15.0,197.0,40.075607,0.111493,False,False
N-340,992.881,996.7,3794,3.794,Estado,8511,7234.0,1277.0,15.0,32291.0,40.088768,0.125019,False,False
N-340,1172.9,1174.8,1962,1.962,Estado,18928,16089.0,2839.0,15.0,37137.0,41.152221,1.36655,False,False
N-340,1174.8,1175.9,1123,1.123,Estado,18928,16089.0,2839.0,15.0,21256.0,41.156172,1.382384,False,False
N-340,1175.9,1178.0,1996,1.996,Estado,16260,13821.0,2439.0,15.0,32455.0,41.160477,1.399846,False,False
N-340,1178.0,1178.1,110,0.11,Estado,16260,13821.0,2439.0,15.0,1789.0,41.161821,1.411882,False,False
N-340A,384.5,385.862,1313,1.313,Estado,5328,4529.0,799.0,15.0,6996.0,36.747508,-3.049543,False,False
N-340A,385.862,386.0,130,0.13,Estado,5328,4529.0,799.0,15.0,693.0,36.747572,-3.041841,False,False
A-6,7.5,8.9,1426,1.426,Estado,112980,96033.0,16947.0,15.0,161109.0,40.458076,-3.748891,True,False
A-6,235.8,236.21,408,0.408,Estado,17901,15216.0,2685.0,15.0,7304.0,41.85586,-5.419985,False,False
A-6,236.21,243.22,7016,7.016,Estado,17901,15216.0,2685.0,15.0,125593.0,41.879108,-5.450512,False,False
A-6,243.22,244.83,1630,1.63,Estado,17901,15216.0,2685.0,15.0,29179.0,41.904843,-5.487624,False,False
A-6,244.83,250.13,5323,5.323,Estado,17901,15216.0,2685.0,15.0,95287.0,41.922398,-5.521682,False,False
A-6,250.13,254.5,4353,4.353,Estado,17901,15216.0,2685.0,15.0,77923.0,41.950466,-5.566412,False,False
A-6,254.5,255.2,696,0.696,Estado,17901,15216.0,2685.0,15.0,12459.0,41.965046,-5.589774,False,False
A-6,255.2,255.6,397,0.397,Estado,17901,15216.0,2685.0,15.0,7107.0,41.968195,-5.594838,False,False
A-6,255.6,257.1,1344,1.344,Estado,18781,15964.0,2817.0,15.0,25242.0,41.973206,-5.602914,False,False
A-6,257.1,257.4,286,0.286,Estado,24998,21248.0,3750.0,15.0,7149.0,41.977838,-5.610524,False,False
A-6,257.4,257.52,114,0.114,Estado,24998,21248.0,3750.0,15.0,2850.0,41.97894,-5.612431,False,False
A-6,257.52,259.0,1712,1.712,Estado,24998,21248.0,3750.0,15.0,42797.0,41.98295,-5.622067,False,False
N-110,388.5,388.51,10,0.01,Estado,4592,3903.0,689.0,15.0,46.0,40.107182,-5.952993,False,False
N-110,388.51,398.8,10009,10.009,Estado,4592,3903.0,689.0,15.0,45961.0,40.079701,-5.995301,False,False
N-110,398.8,399.825,997,0.997,Estado,4592,3903.0,689.0,15.0,4578.0,40.053139,-6.044912,False,False
N-110,399.825,400.077,245,0.245,Estado,4592,3903.0,689.0,15.0,1125.0,40.04933,-6.049871,False,False
N-110,400.077,403.1,2759,2.759,Estado,6526,5547.0,979.0,15.0,18005.0,40.040275,-6.062178,False,False
N-110,403.1,403.12,1,0.001,Estado,8094,6880.0,1214.0,15.0,8.0,40.032806,-6.074254,False,False
N-110,403.12,403.4,381,0.381,Estado,8094,6880.0,1214.0,15.0,3084.0,40.032029,-6.076151,False,False
N-110,403.4,403.5,81,0.081,Estado,8094,6880.0,1214.0,15.0,656.0,40.03145,-6.078347,False,False
N-110,403.5,403.8,235,0.235,Estado,8094,6880.0,1214.0,15.0,1902.0,40.032055,-6.07993,False,False
N-110,403.8,404.615,793,0.793,Estado,8094,6880.0,1214.0,15.0,6419.0,40.03001,-6.085013,False,False
N-110A,95.7,95.88,256,0.256,,1226,1042.0,184.0,15.0,314.0,41.430795,-3.372269,False,False
N-110A,95.88,95.9,28,0.028,Estado,1226,1042.0,184.0,15.0,34.0,41.430505,-3.373925,False,False
N-502,111.1,114.9,2773,2.773,Estado,3094,2630.0,464.0,15.0,8580.0,39.950273,-4.890438,False,False
N-502,114.9,115.0,70,0.07,Estado,3094,2630.0,464.0,15.0,217.0,39.942166,-4.878902,False,False
N-502,115.0,115.4,283,0.283,Estado,5895,5011.0,884.0,15.0,1668.0,39.941229,-4.877225,False,False
N-502,115.4,119.6,3012,3.012,Estado,5895,5011.0,884.0,15.0,17756.0,39.939679,-4.858488,False,False
N-502,119.6,119.9,206,0.206,Estado,5895,5011.0,884.0,15.0,1214.0,39.937034,-4.840486,False,False
N-502,218.0,232.09,14034,14.034,Estado,1286,1093.0,193.0,15.0,18048.0,39.229444,-5.065835,False,False
N-502,232.09,232.95,872,0.872,Estado,1286,1093.0,193.0,15.0,1121.0,39.170063,-5.044432,False,False
N-502,232.95,241.8,8802,8.802,Estado,1286,1093.0,193.0,15.0,11319.0,39.156212,-4.997275,False,False
N-502,241.8,242.8,1000,1.0,Estado,1286,1093.0,193.0,15.0,1286.0,39.123736,-4.959346,False,False
N-502,242.8,243.1,247,0.247,Estado,1806,1535.0,271.0,15.0,446.0,39.119284,-4.955474,False,False
N-6,196.0,196.172,72,0.072,Estado,89,76.0,13.0,15.0,6.0,41.591316,-5.11697,False,False
N-6,320.0,321.0,983,0.983,Estado,1352,1149.0,203.0,15.0,1329.0,42.430779,-6.029974,False,False
N-6,321.0,321.1,98,0.098,Estado,1069,909.0,160.0,15.0,105.0,42.435031,-6.032812,False,False
N-6,321.1,321.6,488,0.488,Estado,1069,909.0,160.0,15.0,522.0,42.437332,-6.034264,False,False
N-6,321.6,321.9,293,0.293,Estado,1069,909.0,160.0,15.0,313.0,42.439859,-6.037383,False,False
N-6,321.9,322.81,938,0.938,Estado,1069,909.0,160.0,15.0,1003.0,42.443574,-6.042829,False,False
N-6,536.9,539.4,2499,2.499,Estado,1287,1094.0,193.0,15.0,3216.0,43.177654,-7.862812,False,False
N-6,539.4,540.8,1432,1.432,Estado,1287,1094.0,193.0,15.0,1843.0,43.179945,-7.886406,False,False
N-6,540.8,540.825,26,0.026,Estado,1287,1094.0,193.0,15.0,33.0,43.181131,-7.895215,False,False
N-6,540.825,541.55,707,0.707,Estado,1287,1094.0,193.0,15.0,910.0,43.181749,-7.899378,False,False
N-6,541.55,541.8,240,0.24,Estado,1287,1094.0,193.0,15.0,309.0,43.183573,-7.904547,False,False
N-6,541.8,546.16,4307,4.307,Estado,1477,1255.0,222.0,15.0,6361.0,43.18543,-7.931006,False,False
N-6,546.16,546.28,115,0.115,Estado,1477,1255.0,222.0,15.0,170.0,43.192385,-7.955989,False,False
N-6,546.28,546.4,115,0.115,Estado,1046,889.0,157.0,15.0,120.0,43.192921,-7.957199,False,False
N-6,546.4,546.43,29,0.029,Estado,1046,889.0,157.0,15.0,30.0,43.193256,-7.957955,False,False
N-6,546.43,546.45,19,0.019,Estado,1046,889.0,157.0,15.0,20.0,43.193361,-7.958212,False,False
N-6,546.45,552.2,5951,5.951,Estado,1046,889.0,157.0,15.0,6225.0,43.188107,-7.991202,False,False
A-5,13.3,14.013,885,0.885,Estado,118788,100970.0,17818.0,15.0,105127.0,40.354781,-3.831827,True,False
A-5,14.013,14.1,87,0.087,Estado,106543,90562.0,15981.0,15.0,9269.0,40.354477,-3.837468,True,False
A-5,14.1,14.82,722,0.722,Estado,106543,90562.0,15981.0,15.0,76924.0,40.353324,-3.841969,True,False
A-5,14.82,15.4,597,0.597,Estado,106543,90562.0,15981.0,15.0,63606.0,40.350936,-3.849063,True,False
A-5,309.7,310.09,390,0.39,Estado,9188,7810.0,1378.0,15.0,3583.0,39.037354,-6.066514,False,False
A-5,310.09,315.53,5504,5.504,Estado,9188,7810.0,1378.0,15.0,50571.0,39.015182,-6.084255,False,False
A-5,315.53,316.1,574,0.574,Estado,9188,7810.0,1378.0,15.0,5274.0,38.992119,-6.10173,False,False
A-5,316.1,316.144,44,0.044,Estado,9188,7810.0,1378.0,15.0,404.0,38.99144,-6.105115,False,False
A-5,316.144,324.4,8304,8.304,Estado,18153,15430.0,2723.0,15.0,150743.0,38.974781,-6.142418,False,False
A-5,324.4,324.456,56,0.056,Estado,18153,15430.0,2723.0,15.0,1017.0,38.947675,-6.17486,False,False
A-5,324.456,325.47,1017,1.017,Estado,16247,13810.0,2437.0,15.0,16523.0,38.946104,-6.180602,False,False
A-5,325.47,330.4,4933,4.933,Estado,16247,13810.0,2437.0,15.0,80146.0,38.950218,-6.213945,False,False
A-66,196.3,205.5,9233,9.233,Estado,10350,8798.0,1552.0,15.0,95562.0,42.093632,-5.658949,False,False
A-66,205.5,205.61,121,0.121,Estado,10350,8798.0,1552.0,15.0,1252.0,42.060572,-5.678915,False,False
A-66,205.61,207.41,1697,1.697,Estado,10350,8798.0,1552.0,15.0,17564.0,42.054805,-5.680021,False,False
A-66,207.41,207.51,87,0.087,Estado,10350,8798.0,1552.0,15.0,900.0,42.048438,-5.675056,False,False
A-66,503.2,503.57,358,0.358,Estado,12761,10847.0,1914.0,15.0,4568.0,39.836679,-6.357636,False,False
A-66,503.57,505.35,1798,1.798,Estado,12761,10847.0,1914.0,15.0,22944.0,39.827638,-6.36191,False,False
A-66,505.35,506.17,817,0.817,Estado,12761,10847.0,1914.0,15.0,10426.0,39.816169,-6.36316,False,False
A-66,506.17,506.238,67,0.067,Estado,14878,12646.0,2232.0,15.0,997.0,39.812254,-6.362645,False,False
A-66,506.238,507.6,1259,1.259,Estado,14878,12646.0,2232.0,15.0,18731.0,39.806851,-6.365661,False,False
A-66,507.6,507.7,85,0.085,Estado,15116,12849.0,2267.0,15.0,1285.0,39.80117,-6.36821,False,False
A-66,507.7,508.05,298,0.298,Estado,15116,12849.0,2267.0,15.0,4505.0,39.799446,-6.368183,False,False
A-66,508.05,522.4,12199,12.199,Estado,15116,12849.0,2267.0,15.0,184400.0,39.753234,-6.395814,False,False
A-66,522.4,522.5,86,0.086,Estado,15116,12849.0,2267.0,15.0,1300.0,39.701679,-6.404097,False,False
A-66,522.5,522.8,257,0.257,Estado,14433,12268.0,2165.0,15.0,3709.0,39.700344,-6.403105,False,False
A-66,522.8,539.0,16135,16.135,Estado,14433,12268.0,2165.0,15.0,232876.0,39.629385,-6.400059,False,False
A-66,625.09,626.1,1230,1.23,Estado,17688,15035.0,2653.0,15.0,21756.0,38.904827,-6.373384,False,False
A-66,665.8,666.14,342,0.342,Estado,18647,15850.0,2797.0,15.0,6377.0,38.552661,-6.363686,False,False
A-66,666.14,669.25,3124,3.124,Estado,18647,15850.0,2797.0,15.0,58253.0,38.537844,-6.359234,False,False
A-66,669.25,670.4,1143,1.143,Estado,18647,15850.0,2797.0,15.0,21314.0,38.521434,-6.3503,False,False
A-66,670.4,670.498,98,0.098,Estado,18647,15850.0,2797.0,15.0,1827.0,38.515933,-6.351416,False,False
A-66,670.498,675.0,4504,4.504,Estado,20005,17004.0,3001.0,15.0,90103.0,38.495497,-6.355387,False,False
A-66,803.8,804.24,436,0.436,Estado,43582,37045.0,6537.0,15.0,19002.0,37.458702,-6.044748,True,False
A-66,804.24,807.0,2745,2.745,Estado,43582,37045.0,6537.0,15.0,119633.0,37.446039,-6.037636,True,False
A-66,807.0,809.0,2035,2.035,Estado,43582,37045.0,6537.0,15.0,88689.0,37.425641,-6.03058,True,False
A-66,809.0,809.1,181,0.181,Estado,43582,37045.0,6537.0,15.0,7888.0,37.416593,-6.032074,True,False
A-66,809.1,809.74,1156,1.156,Estado,43582,37045.0,6537.0,15.0,50381.0,37.411638,-6.034156,True,False
N-432A,160.8,164.2,3674,3.674,Estado,164,139.0,25.0,15.0,603.0,38.291971,-5.527855,False,False
N-432A,164.2,165.67,1628,1.628,Estado,164,139.0,25.0,15.0,267.0,38.273041,-5.512042,False,False
N-432A,226.0,226.1,94,0.094,Estado,107,91.0,16.0,15.0,10.0,38.157301,-4.977559,False,False
N-432A,226.1,226.55,477,0.477,Estado,107,91.0,16.0,15.0,51.0,38.15598,-4.974777,False,False
N-432A,331.6,332.01,411,0.411,Estado,1497,1272.0,225.0,15.0,615.0,37.615023,-4.339807,False,False
N-432A,332.01,332.7,683,0.683,Estado,1497,1272.0,225.0,15.0,1022.0,37.615784,-4.334439,False,False
N-432,-0.75,0.0,788,0.788,,6675,5674.0,1001.0,15.0,5260.0,38.875667,-6.961604,False,False
N-432,0.0,1.69,1560,1.56,Estado,18549,15767.0,2782.0,15.0,28936.0,38.867619,-6.954365,False,False
N-435,45.4,45.68,280,0.28,Estado,1958,1664.0,294.0,15.0,548.0,38.524176,-6.850985,False,False
N-435,45.68,46.0,320,0.32,Estado,1958,1664.0,294.0,15.0,627.0,38.522233,-6.853019,False,False
N-435,46.0,46.2,212,0.212,Estado,1958,1664.0,294.0,15.0,415.0,38.52085,-6.855348,False,False
N-435,46.2,46.4,212,0.212,Estado,1958,1664.0,294.0,15.0,415.0,38.519025,-6.855673,False,False
N-435,46.4,47.69,1293,1.293,Estado,1958,1664.0,294.0,15.0,2532.0,38.512389,-6.854983,False,False
N-435,47.69,53.8,6093,6.093,Estado,1958,1664.0,294.0,15.0,11930.0,38.479763,-6.853152,False,False
N-435A,111.1,111.15,65,0.065,Estado,1025,871.0,154.0,15.0,67.0,38.071084,-6.687741,False,False
N-435A,111.15,112.05,1228,1.228,Estado,1025,871.0,154.0,15.0,1259.0,38.068636,-6.692225,False,False
N-435A,112.05,112.1,116,0.116,Estado,1025,871.0,154.0,15.0,119.0,38.06495,-6.698159,False,False
N-435A,112.1,112.15,116,0.116,Estado,1025,871.0,154.0,15.0,119.0,38.064248,-6.69912,False,False
N-435A,112.15,116.985,11184,11.184,Estado,1025,871.0,154.0,15.0,11464.0,38.040415,-6.72568,False,False
N-630,794.8,795.76,937,0.937,Estado,822,699.0,123.0,15.0,770.0,37.533724,-6.087852,False,False
N-630,795.76,798.66,2836,2.836,Estado,822,699.0,123.0,15.0,2331.0,37.51907,-6.079991,False,False
N-630,798.66,798.763,100,0.1,Estado,822,699.0,123.0,15.0,82.0,37.506493,-6.074911,False,False
N-630,798.763,798.764,1,0.001,Estado,1585,1347.0,238.0,15.0,2.0,37.506049,-6.074779,False,False
N-630,798.764,801.3,2476,2.476,Estado,1585,1347.0,238.0,15.0,3924.0,37.495122,-6.071885,False,False
N-630,813.2,814.329,350,0.35,Estado,70000,59500.0,10500.0,15.0,24500.0,37.389387,-6.022385,True,False
N-630,814.329,815.43,1088,1.088,Estado,29396,24987.0,4409.0,15.0,31983.0,37.388419,-6.015927,False,False
N-630,815.43,816.2,810,0.81,Estado,29396,24987.0,4409.0,15.0,23811.0,37.381173,-6.014393,False,False
N-630,816.2,817.3,1069,1.069,Estado,29396,24987.0,4409.0,15.0,31424.0,37.372728,-6.01517,False,False
A-2,50.5,50.84,340,0.34,Estado,77527,65898.0,11629.0,15.0,26359.0,40.617488,-3.203681,True,False
A-2,50.84,54.689,3856,3.856,Estado,77527,65898.0,11629.0,15.0,298944.0,40.624879,-3.183377,True,False
A-2,54.689,54.705,16,0.016,Estado,77527,65898.0,11629.0,15.0,1240.0,40.622008,-3.162761,True,False
A-2,327.0,327.68,533,0.533,Estado,46360,39406.0,6954.0,15.0,24710.0,41.67084,-0.819504,True,False
A-2,327.68,330.319,2593,2.593,Estado,46360,39406.0,6954.0,15.0,120211.0,41.66475,-0.802791,True,False
A-2,330.319,330.4,81,0.081,Estado,31885,27102.0,4783.0,15.0,2583.0,41.660497,-0.787881,False,False
A-2,330.4,332.0,1588,1.588,Estado,31885,27102.0,4783.0,15.0,50633.0,41.657256,-0.778869,False,False
A-2,332.0,339.3,7312,7.312,Estado,31885,27102.0,4783.0,15.0,233143.0,41.632618,-0.737181,False,False
A-2,730.7,731.9,1203,1.203,Estado,5180,4403.0,777.0,15.0,6232.0,42.087458,2.890175,False,False
N-2,427.8,430.101,1804,1.804,Estado,2132,1812.0,320.0,15.0,3846.0,41.513185,0.279426,False,False
N-2,767.4,772.43,5017,5.017,Estado,8343,7092.0,1251.0,15.0,41857.0,42.376107,2.892088,False,False
N-2,772.43,772.48,46,0.046,Estado,8343,7092.0,1251.0,15.0,384.0,42.39708,2.881729,False,False
N-2,772.48,773.2,676,0.676,Estado,8343,7092.0,1251.0,15.0,5640.0,42.400016,2.880505,False,False
N-2,773.2,773.29,91,0.091,Estado,18509,15733.0,2776.0,15.0,1684.0,42.403297,2.879147,False,False
N-2,773.29,773.6,312,0.312,Estado,18509,15733.0,2776.0,15.0,5775.0,42.404877,2.878488,False,False
N-2,773.6,773.757,158,0.158,Estado,18509,15733.0,2776.0,15.0,2924.0,42.406927,2.877895,False,False
N-2,773.757,774.21,484,0.484,Estado,18509,15733.0,2776.0,15.0,8958.0,42.409725,2.876896,False,False
A-1,16.8,17.24,523,0.523,Estado,151055,128397.0,22658.0,15.0,79002.0,40.532137,-3.620277,True,False
A-1,17.24,18.292,1252,1.252,Estado,151055,128397.0,22658.0,15.0,189121.0,40.536652,-3.612308,True,False
A-1,18.292,19.2,1044,1.044,Estado,151055,128397.0,22658.0,15.0,157701.0,40.546246,-3.608038,True,False
A-11,60.6,61.203,546,0.546,Estado,3591,3052.0,539.0,15.0,1961.0,41.576887,-3.11718,False,False
A-11,61.203,62.166,872,0.872,Estado,3591,3052.0,539.0,15.0,3131.0,41.574869,-3.125177,False,False
A-11,70.738,71.3,648,0.648,Estado,3755,3192.0,563.0,15.0,2433.0,41.582717,-3.238649,False,False
A-62,162.7,162.94,241,0.241,Estado,13696,11642.0,2054.0,15.0,3301.0,41.458226,-5.079837,False,False
A-62,162.94,163.042,102,0.102,Estado,13696,11642.0,2054.0,15.0,1397.0,41.457136,-5.081298,False,False
A-62,163.042,169.08,6068,6.068,Estado,13696,11642.0,2054.0,15.0,83107.0,41.434363,-5.102143,False,False
A-62,169.08,176.9,7859,7.859,Estado,13696,11642.0,2054.0,15.0,107637.0,41.385582,-5.149956,False,False
A-62,176.9,179.694,2808,2.808,Estado,13606,11565.0,2041.0,15.0,38206.0,41.343707,-5.180062,False,False
A-62,179.694,180.4,710,0.71,Estado,14612,12420.0,2192.0,15.0,10375.0,41.33114,-5.192315,False,False
N-120,574.37,575.248,852,0.852,Estado,4593,3904.0,689.0,15.0,3913.0,42.349733,-7.920624,False,False
N-120,575.248,580.34,5042,5.042,Estado,4593,3904.0,689.0,15.0,23158.0,42.342537,-7.952512,False,False
N-120,580.34,580.6,262,0.262,Estado,4593,3904.0,689.0,15.0,1203.0,42.343561,-7.980964,False,False
N-120,637.9,642.85,4970,4.97,Estado,3985,3387.0,598.0,15.0,19805.0,42.186672,-8.469272,False,False
N-122,219.67,222.9,3270,3.27,Estado,5789,4921.0,868.0,15.0,18930.0,41.570322,-3.151,False,False
N-122,229.7,231.5,1840,1.84,Estado,191,162.0,29.0,15.0,351.0,41.587232,-3.254828,False,False
N-122,272.907,273.03,125,0.125,Estado,5222,4439.0,783.0,15.0,653.0,41.664704,-3.72731,False,False
N-122,273.03,273.12,91,0.091,Estado,5222,4439.0,783.0,15.0,475.0,41.664546,-3.728524,False,False
N-122,273.12,274.4,1297,1.297,Estado,5222,4439.0,783.0,15.0,6773.0,41.663495,-3.736678,False,False
N-1A,92.6,93.4,369,0.369,Estado,238,202.0,36.0,15.0,88.0,41.134258,-3.581067,False,False
N-629,86.6,86.68,75,0.075,Estado,14217,12084.0,2133.0,15.0,1066.0,43.388862,-3.447975,False,False
N-629,86.68,86.9,205,0.205,Estado,14217,12084.0,2133.0,15.0,2914.0,43.390059,-3.448521,False,False
N-521,1.66,4.1,2442,2.442,Estado,3174,2698.0,476.0,15.0,7751.0,39.457437,-5.907467,False,False
N-630A,306.14,306.7,549,0.549,Estado,252,214.0,38.0,15.0,138.0,41.25897,-5.712129,False,False
N-630A,306.7,307.7,980,0.98,Estado,252,214.0,38.0,15.0,247.0,41.252556,-5.709479,False,False
N-630A,307.7,308.024,314,0.314,Estado,252,214.0,38.0,15.0,79.0,41.246868,-5.70775,False,False
N-630A,390.9,391.95,1187,1.187,Estado,4323,3675.0,648.0,15.0,5131.0,40.539109,-5.675441,False,False
N-630A,391.95,392.0,56,0.056,Estado,4323,3675.0,648.0,15.0,242.0,40.533607,-5.676459,False,False
N-630A,392.0,393.032,1128,1.128,Estado,4323,3675.0,648.0,15.0,4876.0,40.528389,-5.675461,False,False
A-4,146.9,147.31,448,0.448,Estado,19709,16753.0,2956.0,15.0,8830.0,39.237279,-3.411976,False,False
A-4,147.31,148.86,1799,1.799,Estado,19709,16753.0,2956.0,15.0,35456.0,39.227277,-3.412096,False,False
A-4,148.86,149.3,466,0.466,Estado,19709,16753.0,2956.0,15.0,9184.0,39.217378,-3.413125,False,False
A-4,149.3,149.564,261,0.261,Estado,19709,16753.0,2956.0,15.0,5144.0,39.214276,-3.411841,False,False
A-4,149.564,160.05,10449,10.449,Estado,21936,18646.0,3290.0,15.0,229209.0,39.16824,-3.393738,False,False
A-4,160.05,169.7,9678,9.678,Estado,21936,18646.0,3290.0,15.0,212297.0,39.079219,-3.376117,False,False
A-4,230.4,230.6,205,0.205,Estado,25499,21674.0,3825.0,15.0,5227.0,38.521683,-3.491555,False,False
A-4,230.6,232.5,1921,1.921,Estado,25499,21674.0,3825.0,15.0,48984.0,38.512577,-3.494009,False,False
A-4,232.5,244.0,10557,10.557,Estado,25499,21674.0,3825.0,15.0,269193.0,38.459655,-3.500293,False,False
A-4,244.0,245.1,684,0.684,Estado,25499,21674.0,3825.0,15.0,17441.0,38.410499,-3.499011,False,False
A-4,245.1,245.14,25,0.025,Estado,26968,22923.0,4045.0,15.0,674.0,38.407372,-3.499785,False,False
A-4,245.14,245.5,224,0.224,Estado,26968,22923.0,4045.0,15.0,6041.0,38.406262,-3.499623,False,False
A-4,245.5,250.7,3836,3.836,Estado,26968,22923.0,4045.0,15.0,103449.0,38.388489,-3.504678,False,False
A-4,250.7,251.7,664,0.664,Estado,26968,22923.0,4045.0,15.0,17907.0,38.371597,-3.516458,False,False
A-4,251.7,257.0,3628,3.628,Estado,26968,22923.0,4045.0,15.0,97840.0,38.355562,-3.529267,False,False
A-4,257.0,257.2,154,0.154,Estado,26968,22923.0,4045.0,15.0,4153.0,38.34393,-3.542484,False,False
A-4,347.5,347.55,50,0.05,Estado,15860,13481.0,2379.0,15.0,793.0,37.987725,-4.27065,False,False
A-4,347.55,348.1,541,0.541,Estado,15860,13481.0,2379.0,15.0,8580.0,37.987169,-4.273943,False,False
A-4,348.1,348.2,90,0.09,Estado,15860,13481.0,2379.0,15.0,1427.0,37.98688,-4.277487,False,False
A-4,348.2,348.46,235,0.235,Estado,15860,13481.0,2379.0,15.0,3727.0,37.986952,-4.279335,False,False
A-4,348.46,349.949,1363,1.363,Estado,15860,13481.0,2379.0,15.0,21617.0,37.987104,-4.288402,False,False
A-4,349.949,350.029,72,0.072,Estado,18565,15780.0,2785.0,15.0,1337.0,37.986489,-4.296505,False,False
A-4,350.029,357.3,6505,6.505,Estado,18565,15780.0,2785.0,15.0,120765.0,37.996179,-4.330549,False,False
A-4,558.5,560.073,1509,1.509,,13879,11797.0,2082.0,15.0,20943.0,37.242444,-5.924872,False,False
A-4,560.073,560.62,525,0.525,,13879,11797.0,2082.0,15.0,7286.0,37.233431,-5.926326,False,False
A-4,641.6,644.86,3727,3.727,Estado,25305,21509.0,3796.0,15.0,94312.0,36.666293,-6.173613,False,False
A-4,644.86,645.0,217,0.217,Estado,25305,21509.0,3796.0,15.0,5491.0,36.649228,-6.175377,False,False
A-4,645.0,645.056,55,0.055,Estado,25305,21509.0,3796.0,15.0,1392.0,36.64807,-6.175896,False,False
A-4,645.056,645.8,735,0.735,Estado,47745,40583.0,7162.0,15.0,35093.0,36.645305,-6.178622,True,False
A-4R1,1.25,1.3,50,0.05,Estado,10327,8778.0,1549.0,15.0,516.0,36.703207,-6.082741,False,False
A-4R1,1.3,1.32,20,0.02,Estado,10327,8778.0,1549.0,15.0,207.0,36.703414,-6.082445,False,False
A-4R1,1.32,1.5,180,0.18,Estado,10327,8778.0,1549.0,15.0,1859.0,36.703854,-6.081644,False,False
N-346,0.0,0.62,825,0.825,Estado,2998,2548.0,450.0,15.0,2473.0,36.751503,-6.070381,False,False
N-4,145.336,148.429,4869,4.869,Estado,1487,1264.0,223.0,15.0,7240.0,39.235494,-3.422938,False,False
N-4,230.68,231.3,888,0.888,Estado,1099,934.0,165.0,15.0,976.0,38.518767,-3.492912,False,False
N-4,231.3,231.8,716,0.716,Estado,1099,934.0,165.0,15.0,787.0,38.512281,-3.496542,False,False
N-4,231.8,232.174,535,0.535,Estado,1099,934.0,165.0,15.0,588.0,38.507055,-3.498525,False,False
N-232A,93.7,94.3,613,0.613,Estado,485,412.0,73.0,15.0,297.0,40.790387,-0.036511,False,False
N-232A,94.3,94.32,21,0.021,Estado,485,412.0,73.0,15.0,10.0,40.79275,-0.037509,False,False
N-232A,94.32,96.4,2002,2.002,Estado,485,412.0,73.0,15.0,971.0,40.799842,-0.037616,False,False
N-232A,454.9,455.0,95,0.095,Estado,1376,1170.0,206.0,15.0,131.0,42.549888,-2.929044,False,False
A-41,161.15,162.38,2482,2.482,Estado,11005,9354.0,1651.0,15.0,27314.0,38.983304,-3.904799,False,False
A-41,162.38,163.4,1009,1.009,Estado,11005,9354.0,1651.0,15.0,11104.0,38.969237,-3.913091,False,False
A-41,163.4,163.6,196,0.196,Estado,11005,9354.0,1651.0,15.0,2157.0,38.964878,-3.916491,False,False
A-41,163.6,164.08,472,0.472,Estado,10526,8947.0,1579.0,15.0,4968.0,38.963799,-3.920044,False,False
A-41,164.08,166.7,2640,2.64,Estado,10526,8947.0,1579.0,15.0,27789.0,38.960741,-3.937411,False,False
N-401,112.5,114.0,1347,1.347,Estado,2677,2275.0,402.0,15.0,3606.0,39.57959,-3.85158,False,False
N-401,114.0,114.2,167,0.167,Estado,2677,2275.0,402.0,15.0,447.0,39.572799,-3.851044,False,False
N-401,114.2,116.6,1978,1.978,Estado,2677,2275.0,402.0,15.0,5295.0,39.563536,-3.854295,False,False
N-401,116.6,120.9,3878,3.878,Estado,2677,2275.0,402.0,15.0,10381.0,39.538272,-3.850723,False,False
N-401,120.9,121.0,99,0.099,Estado,2677,2275.0,402.0,15.0,265.0,39.521643,-3.842664,False,False
N-401,121.0,131.5,10553,10.553,Estado,2612,2220.0,392.0,15.0,27564.0,39.475591,-3.82846,False,False
N-401,162.8,163.03,254,0.254,Estado,4126,3507.0,619.0,15.0,1048.0,39.185258,-3.835484,False,False
N-401,163.03,165.1,2248,2.248,Estado,4126,3507.0,619.0,15.0,9275.0,39.174541,-3.838328,False,False
N-401,165.1,165.2,109,0.109,Estado,4126,3507.0,619.0,15.0,450.0,39.164308,-3.840567,False,False
N-401,165.2,167.09,2073,2.073,Estado,6095,5181.0,914.0,15.0,12635.0,39.158656,-3.850708,False,False
N-401,167.09,170.0,3087,3.087,Estado,6095,5181.0,914.0,15.0,18815.0,39.148535,-3.875651,False,False
N-401,170.0,170.7,702,0.702,Estado,6095,5181.0,914.0,15.0,4279.0,39.135383,-3.88993,False,False
N-401,170.7,171.04,343,0.343,Estado,6095,5181.0,914.0,15.0,2091.0,39.131101,-3.892415,False,False
N-401,171.04,172.1,1104,1.104,Estado,6095,5181.0,914.0,15.0,6729.0,39.124622,-3.892601,False,False
N-420,81.5,81.82,313,0.313,Estado,1447,1230.0,217.0,15.0,453.0,38.272027,-4.318827,False,False
N-420,81.82,87.66,5716,5.716,Estado,1447,1230.0,217.0,15.0,8271.0,38.298418,-4.322031,False,False
N-420,87.66,88.48,802,0.802,Estado,1447,1230.0,217.0,15.0,1160.0,38.324514,-4.325176,False,False
N-420,88.48,93.05,4473,4.473,Estado,1447,1230.0,217.0,15.0,6472.0,38.345619,-4.317651,False,False
N-420,93.05,93.1,49,0.049,Estado,1459,1240.0,219.0,15.0,71.0,38.361422,-4.321223,False,False
N-420,93.1,114.66,21100,21.1,Estado,1459,1240.0,219.0,15.0,30785.0,38.438965,-4.331945,False,False
N-420,114.66,114.691,30,0.03,Estado,1459,1240.0,219.0,15.0,44.0,38.514791,-4.383572,False,False
N-420,114.691,115.71,997,0.997,Estado,1373,1167.0,206.0,15.0,1369.0,38.518628,-4.380608,False,False
N-420,115.71,133.1,17019,17.019,Estado,1373,1167.0,206.0,15.0,23367.0,38.574624,-4.361176,False,False
N-420,133.1,133.2,98,0.098,Estado,1373,1167.0,206.0,15.0,135.0,38.643827,-4.334175,False,False
N-420,133.2,133.21,10,0.01,Estado,2249,1912.0,337.0,15.0,22.0,38.644207,-4.333792,False,False
N-420,133.21,139.5,6156,6.156,Estado,2249,1912.0,337.0,15.0,13845.0,38.659034,-4.309028,False,False
N-420A,527.0,529.2,2142,2.142,Estado,80,68.0,12.0,15.0,171.0,40.119702,-1.389435,False,False
N-502A,278.0,279.8,786,0.786,Estado,1017,864.0,153.0,15.0,799.0,38.979435,-4.858703,False,False
N-502A,279.8,280.2,175,0.175,Estado,1017,864.0,153.0,15.0,178.0,38.980147,-4.864117,False,False
N-502A,280.2,280.5,132,0.132,Estado,1017,864.0,153.0,15.0,134.0,38.980579,-4.865802,False,False
N-331,18.0,22.2,4117,4.117,Estado,1298,1103.0,195.0,15.0,5344.0,37.748477,-4.803266,False,False
A-54,66.42,72.0,5559,5.559,Estado,7224,6140.0,1084.0,15.0,40158.0,42.930701,-8.238295,False,False
A-54,72.0,72.001,1,0.001,Estado,7224,6140.0,1084.0,15.0,7.0,42.931002,-8.270994,False,False
A-54,72.001,72.41,381,0.381,Estado,7490,6366.0,1124.0,15.0,2854.0,42.930711,-8.273297,False,False
A-54,72.41,76.176,3606,3.606,Estado,7490,6366.0,1124.0,15.0,27009.0,42.92936,-8.297427,False,False
A-54,76.176,76.2,22,0.022,Estado,8836,7511.0,1325.0,15.0,194.0,42.927716,-8.319356,False,False
A-54,76.2,76.6,373,0.373,Estado,8836,7511.0,1325.0,15.0,3296.0,42.927348,-8.321722,False,False
A-54,76.6,80.2,3559,3.559,Estado,8836,7511.0,1325.0,15.0,31447.0,42.924627,-8.345111,False,False
A-54,80.2,80.21,10,0.01,Estado,8836,7511.0,1325.0,15.0,88.0,42.920193,-8.365963,False,False
A-54,80.21,80.59,376,0.376,Estado,9260,7871.0,1389.0,15.0,3482.0,42.919271,-8.36796,False,False
A-54,80.59,83.5,2837,2.837,Estado,9260,7871.0,1389.0,15.0,26271.0,42.916433,-8.386725,False,False
N-525,290.6,291.0,377,0.377,Estado,9885,8402.0,1483.0,15.0,3727.0,42.662962,-8.117915,False,False
N-550,9.55,10.4,850,0.85,Estado,9228,7844.0,1384.0,15.0,7844.0,43.288938,-8.367896,False,False
N-550,10.4,11.4,905,0.905,Estado,13692,11638.0,2054.0,15.0,12391.0,43.281259,-8.366442,False,False
N-550,11.4,11.45,47,0.047,Estado,13692,11638.0,2054.0,15.0,644.0,43.277111,-8.365109,False,False
N-550,11.45,11.68,214,0.214,Estado,13692,11638.0,2054.0,15.0,2930.0,43.275962,-8.364804,False,False
N-550,11.68,15.0,3306,3.306,Estado,13692,11638.0,2054.0,15.0,45266.0,43.261681,-8.365983,False,False
N-550,88.2,88.935,788,0.788,Estado,7825,6651.0,1174.0,15.0,6166.0,42.685265,-8.646747,False,False
N-550,89.094,90.8,1687,1.687,Estado,7825,6651.0,1174.0,15.0,13201.0,42.674605,-8.638728,False,False
N-634,173.635,174.4,750,0.75,Estado,11882,10100.0,1782.0,15.0,8912.0,43.393453,-3.468366,False,False
N-634,202.19,202.893,742,0.742,Estado,5734,4874.0,860.0,15.0,4255.0,43.365095,-3.761716,False,False
N-634,245.0,247.1,2010,2.01,Estado,8490,7216.0,1274.0,15.0,17065.0,43.318947,-4.204885,False,False
N-634,247.1,247.15,49,0.049,Estado,8490,7216.0,1274.0,15.0,416.0,43.31606,-4.216817,False,False
N-634,247.15,247.2,49,0.049,Estado,8490,7216.0,1274.0,15.0,416.0,43.315813,-4.217304,False,False
N-634,247.2,249.0,1631,1.631,Estado,8490,7216.0,1274.0,15.0,13847.0,43.312476,-4.226577,False,False
N-634,451.0,456.6,2797,2.797,Estado,3164,2689.0,475.0,15.0,8850.0,43.414676,-6.293017,False,False
N-634,456.6,461.5,2447,2.447,Estado,3164,2689.0,475.0,15.0,7742.0,43.403179,-6.315431,False,False
N-634,530.4,530.637,237,0.237,Estado,3683,3131.0,552.0,15.0,873.0,43.545023,-6.788892,False,False
N-634,531.063,532.0,882,0.882,Estado,3683,3131.0,552.0,15.0,3248.0,43.546542,-6.800398,False,False
N-634,562.4,563.2,843,0.843,Estado,5997,5097.0,900.0,15.0,5055.0,43.546016,-7.156848,False,False
N-634,563.2,564.2,934,0.934,Estado,5997,5097.0,900.0,15.0,5601.0,43.543415,-7.1672,False,False
N-634,564.2,565.9,1708,1.708,Estado,5997,5097.0,900.0,15.0,10243.0,43.543174,-7.183138,False,False
N-634,586.8,587.8,995,0.995,Estado,2396,2037.0,359.0,15.0,2384.0,43.440075,-7.360538,False,False
N-634,587.8,588.67,855,0.855,Estado,1054,896.0,158.0,15.0,901.0,43.435046,-7.368191,False,False
N-634,588.67,588.8,127,0.127,Estado,1054,896.0,158.0,15.0,134.0,43.431084,-7.37096,False,False
N-634,588.8,591.5,2680,2.68,Estado,1054,896.0,158.0,15.0,2825.0,43.42612,-7.383919,False,False
N-634,605.9,605.95,52,0.052,Estado,2554,2171.0,383.0,15.0,133.0,43.361762,-7.481047,False,False
N-634,605.95,607.7,1670,1.67,Estado,2554,2171.0,383.0,15.0,4265.0,43.359044,-7.49061,False,False
N-634,607.7,608.7,1012,1.012,Estado,2554,2171.0,383.0,15.0,2585.0,43.35232,-7.504087,False,False
N-634,608.7,609.3,623,0.623,Estado,2554,2171.0,383.0,15.0,1591.0,43.348483,-7.512493,False,False
N-634,657.38,657.98,895,0.895,Estado,4518,3840.0,678.0,15.0,4044.0,43.190878,-7.957424,False,False
N-651,8.8,10.6,1776,1.776,Estado,13026,11072.0,1954.0,15.0,23134.0,43.343078,-8.202525,False,False
N-651,10.6,10.69,89,0.089,Estado,13026,11072.0,1954.0,15.0,1159.0,43.350239,-8.200803,False,False
N-651,10.69,16.8,6100,6.1,Estado,13026,11072.0,1954.0,15.0,79459.0,43.36751,-8.181038,False,False
N-655,10.371,10.75,386,0.386,Estado,529,450.0,79.0,15.0,204.0,43.488869,-8.29253,False,False
N-655,10.75,13.584,2815,2.815,Estado,529,450.0,79.0,15.0,1489.0,43.480667,-8.307845,False,False
A-3,7.182,9.199,1979,1.979,Estado,161620,137377.0,24243.0,15.0,319846.0,40.389023,-3.615111,True,False
A-3,9.199,9.7,477,0.477,Estado,161620,137377.0,24243.0,15.0,77093.0,40.382835,-3.60387,True,False
A-3,165.4,166.08,926,0.926,Estado,25915,22028.0,3887.0,15.0,23997.0,39.616964,-2.292561,False,False
A-3,166.08,167.4,1322,1.322,Estado,25915,22028.0,3887.0,15.0,34260.0,39.607472,-2.287649,False,False
A-3,167.4,168.4,999,0.999,Estado,25915,22028.0,3887.0,15.0,25889.0,39.598484,-2.281104,False,False
A-3,168.4,175.3,6901,6.901,Estado,25915,22028.0,3887.0,15.0,178839.0,39.565427,-2.270397,False,False
A-3,305.8,310.85,5003,5.003,Estado,32006,27205.0,4801.0,15.0,160126.0,39.456964,-0.883512,False,False
A-3,310.85,310.926,75,0.075,Estado,32006,27205.0,4801.0,15.0,2400.0,39.452465,-0.857315,False,False
A-3,310.926,311.6,663,0.663,Estado,33437,28421.0,5016.0,15.0,22169.0,39.450431,-0.853882,False,False
A-3,311.6,317.01,5387,5.387,Estado,33437,28421.0,5016.0,15.0,180125.0,39.43768,-0.824391,False,False
A-3,317.01,318.5,1479,1.479,Estado,33437,28421.0,5016.0,15.0,49453.0,39.432031,-0.790185,False,False
A-3,318.5,319.8,1277,1.277,Estado,33437,28421.0,5016.0,15.0,42699.0,39.434419,-0.775223,False,False
A-3,319.8,322.7,2878,2.878,Estado,42130,35810.0,6320.0,15.0,121250.0,39.44382,-0.754676,False,False
A-40,223.3,223.5,200,0.2,Estado,4975,4229.0,746.0,15.0,995.0,39.997111,-3.064727,False,False
A-40,223.5,227.2,4572,4.572,Estado,4975,4229.0,746.0,15.0,22746.0,39.999158,-3.037615,False,False
N-3,200.5,200.64,171,0.171,Estado,2322,1974.0,348.0,15.0,397.0,39.557255,-1.901718,False,False
N-3,200.64,211.4,12772,12.772,Estado,2322,1974.0,348.0,15.0,29657.0,39.540827,-1.829707,False,False
N-3,211.4,211.45,48,0.048,Estado,2322,1974.0,348.0,15.0,111.0,39.525569,-1.758405,False,False
N-3,211.45,211.6,145,0.145,Estado,2322,1974.0,348.0,15.0,337.0,39.52526,-1.757357,False,False
N-3,211.6,219.25,7541,7.541,Estado,2322,1974.0,348.0,15.0,17510.0,39.521799,-1.713129,False,False
N-3,219.25,219.3,50,0.05,Estado,2322,1974.0,348.0,15.0,116.0,39.516697,-1.669861,False,False
N-400,24.32,25.25,916,0.916,Estado,8116,6899.0,1217.0,15.0,7434.0,39.943629,-3.735272,False,False
N-400,25.25,25.5,253,0.253,Estado,8116,6899.0,1217.0,15.0,2053.0,39.946034,-3.729197,False,False
N-400,25.5,26.6,1092,1.092,Estado,8116,6899.0,1217.0,15.0,8863.0,39.948877,-3.72225,False,False
N-400,26.6,26.74,137,0.137,Estado,8116,6899.0,1217.0,15.0,1112.0,39.951499,-3.715918,False,False
A-26,64.0,64.5,462,0.462,Estado,13259,11270.0,1989.0,15.0,6126.0,42.203645,2.708493,False,False
A-26,64.5,66.56,1999,1.999,Estado,13259,11270.0,1989.0,15.0,26505.0,42.206324,2.694484,False,False
A-26,66.56,67.079,484,0.484,Estado,13259,11270.0,1989.0,15.0,6417.0,42.206954,2.679935,False,False
A-26,67.079,67.2,126,0.126,Estado,15710,13354.0,2356.0,15.0,1979.0,42.207818,2.67644,False,False
A-26,67.2,68.85,1726,1.726,Estado,15710,13354.0,2356.0,15.0,27115.0,42.211725,2.666605,False,False
N-260,0.0,4.2,3791,3.791,Estado,1685,1432.0,253.0,15.0,6388.0,42.43001,3.161902,False,False
N-260,4.2,4.22,13,0.013,Estado,1685,1432.0,253.0,15.0,22.0,42.425601,3.163429,False,False
N-260,4.22,4.3,51,0.051,Estado,1685,1432.0,253.0,15.0,86.0,42.425419,3.16372,False,False
N-260,4.3,7.27,1874,1.874,Estado,1685,1432.0,253.0,15.0,3158.0,42.419141,3.161034,False,False
N-260,7.27,7.45,111,0.111,Estado,3071,2610.0,461.0,15.0,341.0,42.412606,3.155565,False,False
N-260,7.45,7.5,31,0.031,Estado,3071,2610.0,461.0,15.0,95.0,42.412624,3.154703,False,False
N-260,7.5,11.36,2593,2.593,Estado,3071,2610.0,461.0,15.0,7963.0,42.40625,3.150099,False,False
N-260,11.36,14.81,3262,3.262,Estado,3071,2610.0,461.0,15.0,10018.0,42.394117,3.153056,False,False
N-260,14.81,17.4,2639,2.639,Estado,3071,2610.0,461.0,15.0,8104.0,42.375932,3.154995,False,False
N-260,407.0,407.41,423,0.423,Estado,1859,1580.0,279.0,15.0,786.0,42.386549,0.389161,False,False
N-260,407.41,423.5,15306,15.306,Estado,1859,1580.0,279.0,15.0,28454.0,42.414229,0.313624,False,False
N-260,423.5,423.6,86,0.086,Estado,1859,1580.0,279.0,15.0,160.0,42.40838,0.236192,False,False
N-260,423.6,424.1,438,0.438,Estado,1859,1580.0,279.0,15.0,814.0,42.408557,0.233031,False,False
A-44,166.3,175.08,8719,8.719,Estado,27913,23726.0,4187.0,15.0,243373.0,36.88284,-3.497525,False,False
A-44,175.08,175.1,20,0.02,Estado,25693,21839.0,3854.0,15.0,514.0,36.851668,-3.492064,False,False
A-44,175.1,175.88,787,0.787,Estado,25693,21839.0,3854.0,15.0,20220.0,36.848451,-3.494233,False,False
A-44,175.88,181.2,5327,5.327,Estado,25693,21839.0,3854.0,15.0,136867.0,36.826278,-3.509033,False,False
N-320A,241.28,247.0,6891,6.891,Estado,77,65.0,12.0,15.0,531.0,40.557513,-2.924594,False,False
A-49,5.2,5.51,320,0.32,Estado,84692,71988.0,12704.0,15.0,27101.0,37.376664,-6.07975,True,False
A-49,5.51,6.545,1051,1.051,Estado,84692,71988.0,12704.0,15.0,89011.0,37.373976,-6.086698,True,False
A-49,6.545,6.627,82,0.082,Estado,78660,66861.0,11799.0,15.0,6450.0,37.372501,-6.092755,True,False
A-49,6.627,6.7,73,0.073,Estado,78660,66861.0,11799.0,15.0,5742.0,37.372317,-6.093599,True,False
A-49,6.7,10.8,4115,4.115,Estado,78660,66861.0,11799.0,15.0,323686.0,37.366056,-6.115857,True,False
N-240,24.6,25.45,857,0.857,Estado,4401,3741.0,660.0,15.0,3772.0,41.325452,1.231546,False,False
N-240,25.45,31.5,6098,6.098,Estado,4401,3741.0,660.0,15.0,26837.0,41.341848,1.224157,False,False
N-240,31.5,33.2,1713,1.713,Estado,4401,3741.0,660.0,15.0,7539.0,41.35581,1.203738,False,False
N-240,205.3,205.35,57,0.057,Estado,10200,8670.0,1530.0,15.0,581.0,42.142733,-0.366425,False,False
N-240,205.35,205.413,72,0.072,Estado,10200,8670.0,1530.0,15.0,734.0,42.142937,-0.367097,False,False
N-330B,673.28,675.18,2343,2.343,Estado,548,466.0,82.0,15.0,1284.0,42.789503,-0.526286,False,False
A-32,66.75,72.0,3750,3.75,Estado,6010,5108.0,902.0,15.0,22538.0,38.13688,-3.046601,False,False
A-32,72.0,72.85,607,0.607,Estado,6010,5108.0,902.0,15.0,3648.0,38.145366,-3.025866,False,False
A-32,217.426,218.008,551,0.551,Estado,2541,2160.0,381.0,15.0,1400.0,38.96381,-1.935288,False,False
A-32,218.008,223.0,5034,5.034,Estado,2541,2160.0,381.0,15.0,12791.0,38.950485,-1.910314,False,False
A-32,223.0,223.3,284,0.284,Estado,2541,2160.0,381.0,15.0,722.0,38.936976,-1.886132,False,False
A-32,223.3,223.313,13,0.013,Estado,1717,1459.0,258.0,15.0,22.0,38.936527,-1.88452,False,False
A-32,223.313,228.148,4561,4.561,Estado,1717,1459.0,258.0,15.0,7831.0,38.934662,-1.858979,False,False
N-120A,93.4,98.0,4642,4.642,Estado,232,197.0,35.0,15.0,1077.0,42.392984,-7.795129,False,False
N-120A,98.0,99.6,1614,1.614,Estado,232,197.0,35.0,15.0,374.0,42.375151,-7.814549,False,False
N-120A,99.6,102.5,2926,2.926,Estado,232,197.0,35.0,15.0,679.0,42.367205,-7.833362,False,False
A-12,113.8,114.22,429,0.429,Estado,7418,6305.0,1113.0,15.0,3182.0,42.430284,-2.758354,False,False
A-12,114.22,117.5,3351,3.351,Estado,7418,6305.0,1113.0,15.0,24858.0,42.430485,-2.780975,False,False
A-12,117.5,119.9,2452,2.452,Estado,7418,6305.0,1113.0,15.0,18189.0,42.433927,-2.81571,False,False
A-12,119.9,124.8,5005,5.005,Estado,7418,6305.0,1113.0,15.0,37127.0,42.438512,-2.860296,False,False
A-8,231.561,232.67,1078,1.078,Estado,41138,34967.0,6171.0,15.0,44347.0,43.356515,-4.065252,False,False
A-8,232.67,234.099,1368,1.368,Estado,41138,34967.0,6171.0,15.0,56277.0,43.355063,-4.079715,False,False
A-8,234.099,237.846,3789,3.789,Estado,41138,34967.0,6171.0,15.0,155872.0,43.350869,-4.109083,False,False
A-8,587.9,588.35,405,0.405,Estado,11727,9968.0,1759.0,15.0,4749.0,43.22239,-7.735869,False,False
A-8,588.35,593.04,5229,5.229,Estado,11727,9968.0,1759.0,15.0,61320.0,43.197401,-7.741023,False,False
A-42,9.8,10.0,212,0.212,Estado,120292,102248.0,18044.0,15.0,25502.0,40.332335,-3.725103,True,False
A-42,10.0,12.3,2298,2.298,Estado,120292,102248.0,18044.0,15.0,276431.0,40.322197,-3.731107,True,False
A-42,12.3,12.4,97,0.097,Estado,120292,102248.0,18044.0,15.0,11668.0,40.313263,-3.738674,True,False
A-42,12.4,12.421,20,0.02,Estado,120292,102248.0,18044.0,15.0,2406.0,40.312822,-3.739054,True,False
A-42,12.421,14.33,1909,1.909,Estado,133792,113723.0,20069.0,15.0,255409.0,40.304563,-3.739249,True,False
A-42,14.33,14.4,71,0.071,Estado,133792,113723.0,20069.0,15.0,9499.0,40.295732,-3.73777,True,False
AP-41,0.0,1.8,2265,2.265,Estado,3099,2634.0,465.0,15.0,7019.0,40.271753,-3.885285,False,False
AP-41,1.8,2.11,364,0.364,Estado,3099,2634.0,465.0,15.0,1128.0,40.260586,-3.888896,False,False
AP-41,2.11,2.3,194,0.194,Estado,3099,2634.0,465.0,15.0,601.0,40.258235,-3.887792,False,False
AP-41,2.3,8.0,5721,5.721,Estado,3099,2634.0,465.0,15.0,17729.0,40.237734,-3.879681,False,False
AP-41,8.0,8.21,211,0.211,Estado,3019,2566.0,453.0,15.0,637.0,40.214433,-3.890708,False,False
AP-41,8.21,10.98,2756,2.756,Estado,3019,2566.0,453.0,15.0,8320.0,40.201525,-3.895682,False,False
AP-41,10.98,16.0,5036,5.036,Estado,3019,2566.0,453.0,15.0,15204.0,40.175362,-3.91755,False,False
AP-46,1.0,23.0,22974,22.974,Estado,15848,13471.0,2377.0,15.0,364092.0,36.857812,-4.466059,False,False
A-52,293.6,301.37,7785,7.785,Estado,25526,21697.0,3829.0,15.0,198720.0,42.165692,-8.537065,False,False
A-52,301.37,301.961,567,0.567,Estado,25526,21697.0,3829.0,15.0,14473.0,42.172448,-8.579966,False,False
A-52,301.961,302.0,37,0.037,Estado,37419,31806.0,5613.0,15.0,1385.0,42.171703,-8.583331,False,False
A-52,302.0,303.3,1391,1.391,Estado,37419,31806.0,5613.0,15.0,52050.0,42.169037,-8.590383,False,False
N-632,109.6,109.64,39,0.039,Estado,4793,4074.0,719.0,15.0,187.0,43.540142,-6.034588,False,False
N-632,109.64,110.69,1035,1.035,Estado,4793,4074.0,719.0,15.0,4961.0,43.539282,-6.038678,False,False
N-632,110.69,112.2,1489,1.489,Estado,4793,4074.0,719.0,15.0,7137.0,43.531237,-6.047032,False,False
N-632,112.2,113.74,1519,1.519,Estado,4793,4074.0,719.0,15.0,7281.0,43.532122,-6.06037,False,False
N-632,113.74,114.1,355,0.355,Estado,4793,4074.0,719.0,15.0,1702.0,43.534368,-6.070082,False,False
N-620,244.7,244.8,94,0.094,Estado,609,518.0,91.0,15.0,57.0,40.947319,-5.736355,False,False
N-620,244.8,245.4,582,0.582,Estado,609,518.0,91.0,15.0,354.0,40.946431,-5.740181,False,False
N-551,0.55,1.43,790,0.79,Estado,8041,6835.0,1206.0,15.0,6352.0,42.039073,-8.652629,False,False
N-551,1.43,1.68,204,0.204,Estado,8041,6835.0,1206.0,15.0,1640.0,42.040623,-8.648037,False,False
N-555,0.0,6.106,6064,6.064,Estado,10078,8566.0,1512.0,15.0,61113.0,42.256707,-8.620663,False,False
A-7S,989.0,990.949,2668,2.668,Estado,51698,43943.0,7755.0,15.0,137930.0,36.73801,-4.504093,True,False
A-7S,990.949,991.0,70,0.07,Estado,27829,23655.0,4174.0,15.0,1948.0,36.726104,-4.5077,False,False
A-7S,991.0,992.0,1382,1.382,Estado,27829,23655.0,4174.0,15.0,38460.0,36.719734,-4.508788,False,False
A-7S,992.0,992.6,828,0.828,Estado,27829,23655.0,4174.0,15.0,23042.0,36.710196,-4.511106,False,False
